{"accuracy": 99, "_timestamp": 1671738443.754716, "_runtime": 6.35433292388916, "_step": 99, "_wandb": {"runtime": 34}}