{"acc": 0.7831638982560232, "loss": 0.17305366244275477, "_timestamp": 1672239604.2441275, "_runtime": 6.517865419387817, "_step": 7, "_wandb": {"runtime": 28}}