{"acc": 0.907880388070142, "loss": 0.030789485194834775, "_timestamp": 1671736517.0864768, "_runtime": 6.811641693115234, "_step": 7, "_wandb": {"runtime": 64}}