{"acc": 0.9478500777247509, "loss": 0.0570906870971927, "_timestamp": 1673897866.2751741, "_runtime": 6.375601053237915, "_step": 7, "_wandb": {"runtime": 15}}