{"acc": 0.9409856721672187, "loss": 0.07395218131929786, "_timestamp": 1673884494.3904588, "_runtime": 7.020943880081177, "_step": 7, "_wandb": {"runtime": 37}}