{"acc": 0.7585592513019492, "loss": 0.22686704262440088, "_timestamp": 1671790234.4560246, "_runtime": 6.455403566360474, "_step": 7, "_wandb": {"runtime": 21}}