{"acc": 0.9290817823168586, "loss": 0.16278295422572547, "_timestamp": 1671738709.471862, "_runtime": 6.891560077667236, "_step": 7, "_wandb": {"runtime": 20}}