{"acc": 0.7697333127829609, "loss": 0.22339638019634145, "_timestamp": 1671788412.4010665, "_runtime": 6.8873655796051025, "_step": 7, "_wandb": {"runtime": 26}}