{"acc": 0.8424255331310433, "loss": 0.12140448181043041, "_timestamp": 1671789756.6107383, "_runtime": 6.399473190307617, "_step": 7, "_wandb": {"runtime": 12}}