{"acc": 0.7541437865266817, "loss": 0.27796840885682933, "_timestamp": 1671722285.335074, "_runtime": 6.847342014312744, "_step": 7, "_wandb": {"runtime": 77}}