{"acc": 0.9222788059993865, "loss": 0.0778962979090885, "_timestamp": 1671738758.7219653, "_runtime": 6.167964220046997, "_step": 7, "_wandb": {"runtime": 29}}